{"stats":{"minecraft:custom":{"minecraft:interact_with_smithing_table":1,"minecraft:interact_with_furnace":48,"minecraft:mob_kills":54,"minecraft:interact_with_crafting_table":27,"minecraft:leave_game":3,"minecraft:time_since_death":56670,"minecraft:time_since_rest":54271,"minecraft:sprint_one_cm":246902,"minecraft:damage_taken":2398,"minecraft:walk_one_cm":234939,"tombstone:sneak_grave":2,"minecraft:drop":52,"minecraft:damage_dealt":6784,"minecraft:talked_to_villager":1,"minecraft:swim_one_cm":12327,"minecraft:player_kills":2,"minecraft:fly_one_cm":277915,"minecraft:open_chest":6,"minecraft:play_time":96908,"minecraft:crouch_one_cm":14170,"tombstone:undead_killed":18,"minecraft:deaths":2,"minecraft:sneak_time":4979,"minecraft:walk_under_water_one_cm":4612,"minecraft:boat_one_cm":308361,"tombstone:tomb_raiding":1,"minecraft:jump":1888,"minecraft:walk_on_water_one_cm":7431,"minecraft:total_world_time":96908,"minecraft:fall_one_cm":47201},"minecraft:picked_up":{"minecraft:wooden_axe":1,"minecraft:crafting_table":8,"minecraft:feather":4,"minecraft:chicken":2,"minecraft:andesite":2,"minecraft:leather":8,"minecraft:smithing_table":1,"minecraft:gold_block":1,"minecraft:oak_log":13,"minecraft:gunpowder":1,"minecraft:string":2,"minecraft:dirt":7,"minecraft:raw_copper":18,"minecraft:bone":3,"minecraft:bow":1,"minecraft:wheat_seeds":4,"minecraft:cobbled_deepslate":15,"minecraft:oak_boat":4,"minecraft:beef":44,"minecraft:stone_pickaxe":1,"minecraft:mossy_stone_bricks":1,"minecraft:furnace":8,"minecraft:stick":34,"minecraft:raw_iron":14,"minecraft:sweet_berries":34,"minecraft:stone_brick_slab":1,"minecraft:torch":7,"minecraft:dandelion":1,"minecraft:porkchop":15,"tombstone:grave_dust":2,"minecraft:redstone":14,"minecraft:arrow":1,"minecraft:stone_sword":1,"minecraft:rotten_flesh":14,"minecraft:stone_axe":1,"minecraft:hay_block":1,"minecraft:gray_wool":1,"tombstone:magic_scroll":1,"minecraft:oak_sapling":1,"minecraft:mutton":12,"minecraft:coal":55,"minecraft:white_wool":7,"minecraft:cobblestone":109,"minecraft:sunflower":3},"minecraft:crafted":{"minecraft:cooked_beef":13,"minecraft:wooden_sword":1,"minecraft:oak_planks":40,"minecraft:cooked_porkchop":12,"minecraft:leather_boots":2,"minecraft:crafting_table":1,"minecraft:cooked_chicken":3,"minecraft:iron_sword":1,"minecraft:furnace":1,"minecraft:stone_axe":2,"minecraft:air":0,"minecraft:iron_chestplate":1,"minecraft:stick":72,"minecraft:iron_ingot":13,"minecraft:iron_pickaxe":1,"minecraft:stone_pickaxe":1,"minecraft:stone_sword":1,"minecraft:white_bed":2,"minecraft:torch":8,"minecraft:wheat":9},"minecraft:killed":{"minecraft:pig":9,"minecraft:creeper":2,"minecraft:sheep":8,"minecraft:skeleton":4,"minecraft:zombie":14,"minecraft:chicken":3,"minecraft:cow":13},"minecraft:used":{"minecraft:stone_sword":21,"minecraft:stone_pickaxe":66,"minecraft:iron_sword":104,"minecraft:cooked_chicken":2,"minecraft:torch":4,"minecraft:crafting_table":8,"minecraft:iron_pickaxe":111,"minecraft:fire_charge":2,"minecraft:stone_axe":26,"minecraft:wooden_sword":21,"minecraft:cobblestone":85,"minecraft:porkchop":2,"minecraft:furnace":8,"minecraft:cooked_porkchop":8,"tombstone:gift":2,"minecraft:oak_boat":3,"minecraft:cooked_beef":10,"minecraft:cobbled_deepslate":12},"minecraft:killed_by":{"minecraft:creeper":1,"minecraft:zombie":1},"minecraft:mined":{"minecraft:smithing_table":1,"minecraft:deepslate_redstone_ore":3,"minecraft:glass_pane":2,"minecraft:stone_brick_slab":1,"minecraft:powder_snow":1,"minecraft:crafting_table":7,"minecraft:torch":2,"minecraft:grass_block":5,"minecraft:copper_ore":4,"minecraft:tall_grass":5,"minecraft:wall_torch":2,"minecraft:large_fern":8,"minecraft:hay_block":1,"minecraft:furnace":8,"minecraft:sweet_berry_bush":14,"minecraft:iron_ore":13,"minecraft:ice":2,"minecraft:gold_block":1,"minecraft:grass":10,"minecraft:oak_log":13,"minecraft:coal_ore":21,"minecraft:deepslate_iron_ore":1,"minecraft:dirt":5,"minecraft:stone":101,"minecraft:mossy_stone_bricks":1,"minecraft:oak_leaves":1,"minecraft:deepslate":14,"minecraft:fern":1},"minecraft:dropped":{"minecraft:stone_axe":2,"minecraft:sweet_berries":19,"minecraft:birch_planks":3,"minecraft:wheat_seeds":4,"minecraft:cooked_chicken":1,"minecraft:oak_log":3,"minecraft:stone_sword":2,"minecraft:cobbled_deepslate":3,"minecraft:crafting_table":1,"minecraft:cooked_porkchop":4,"minecraft:feather":4,"minecraft:rotten_flesh":17,"minecraft:leather":2,"minecraft:white_bed":1,"minecraft:stick":94,"minecraft:dirt":31,"minecraft:gray_wool":1,"minecraft:torch":9,"minecraft:wooden_axe":2,"minecraft:andesite":1,"minecraft:mossy_stone_bricks":1,"minecraft:leather_boots":1,"minecraft:chest":1,"minecraft:oak_sapling":1,"minecraft:wooden_shovel":1,"minecraft:sunflower":3,"minecraft:wooden_sword":2,"minecraft:stone_pickaxe":2,"minecraft:beef":2,"minecraft:wooden_pickaxe":1,"minecraft:stone_brick_slab":1,"minecraft:dandelion":1}},"DataVersion":3465}