{"stats":{"minecraft:mined":{"minecraft:white_bed":5,"jeg:scrap_ore":2,"minecraft:oak_door":1,"minecraft:dandelion":1,"minecraft:crafting_table":6,"minecraft:grass_block":16,"minecraft:tall_grass":5,"minecraft:cobblestone":4,"minecraft:wall_torch":11,"minecraft:pink_petals":9,"minecraft:hay_block":12,"minecraft:furnace":1,"minecraft:birch_log":6,"minecraft:iron_ore":59,"minecraft:andesite":5,"minecraft:birch_leaves":2,"minecraft:grass":23,"minecraft:deepslate_iron_ore":3,"minecraft:pointed_dripstone":1,"minecraft:coal_ore":88,"minecraft:oak_log":11,"minecraft:dirt":15,"minecraft:packed_ice":1,"minecraft:stone":70,"minecraft:deepslate":1,"minecraft:oak_leaves":17},"minecraft:broken":{"minecraft:stone_pickaxe":1,"minecraft:wooden_sword":1},"minecraft:used":{"minecraft:water_bucket":25,"minecraft:stone_sword":117,"minecraft:stone_pickaxe":216,"minecraft:chest":1,"minecraft:wooden_pickaxe":41,"minecraft:torch":79,"minecraft:dirt":12,"minecraft:mutton":6,"minecraft:crafting_table":8,"minecraft:white_bed":3,"minecraft:apple":7,"minecraft:bread":15,"minecraft:wooden_sword":61,"minecraft:cobblestone":45,"minecraft:furnace":2,"minecraft:bucket":26,"minecraft:andesite":2,"tombstone:gift":2,"minecraft:potato":3},"minecraft:killed_by":{"minecraft:skeleton":4,"minecraft:creeper":2,"minecraft:zombie":1,"minecraft:enderman":1},"minecraft:dropped":{"minecraft:iron_ingot":64,"minecraft:diamond":23,"minecraft:raw_iron":38,"minecraft:stone_pickaxe":1,"minecraft:wooden_pickaxe":1},"minecraft:picked_up":{"minecraft:birch_log":6,"minecraft:pink_petals":17,"minecraft:crafting_table":6,"minecraft:andesite":2,"minecraft:leather":3,"minecraft:wooden_pickaxe":1,"minecraft:oak_log":11,"jeg:scrap":3,"minecraft:gunpowder":2,"minecraft:string":4,"minecraft:dirt":31,"minecraft:iron_shovel":1,"minecraft:bone":1,"minecraft:wheat_seeds":2,"minecraft:cobbled_deepslate":1,"minecraft:stone_pickaxe":1,"minecraft:beef":7,"minecraft:iron_ingot":256,"jeg:tech_trash":1,"minecraft:furnace":1,"minecraft:raw_iron":100,"minecraft:oak_door":1,"minecraft:torch":11,"minecraft:dripstone_block":5,"minecraft:porkchop":15,"tombstone:grave_dust":2,"minecraft:pointed_dripstone":4,"minecraft:white_bed":5,"minecraft:arrow":2,"minecraft:rotten_flesh":13,"minecraft:diamond":46,"minecraft:hay_block":12,"minecraft:oak_sapling":2,"minecraft:mutton":10,"minecraft:coal":85,"minecraft:white_wool":7,"minecraft:cobblestone":80},"minecraft:crafted":{"minecraft:wooden_sword":1,"minecraft:oak_planks":44,"minecraft:crafting_table":4,"minecraft:wooden_pickaxe":2,"minecraft:furnace":1,"minecraft:bucket":1,"minecraft:birch_planks":24,"minecraft:heavy_weighted_pressure_plate":1,"minecraft:bread":36,"minecraft:iron_boots":1,"minecraft:iron_chestplate":1,"minecraft:stick":48,"minecraft:iron_ingot":27,"minecraft:iron_pickaxe":1,"minecraft:stone_pickaxe":3,"minecraft:stone_sword":2,"minecraft:chest":2,"minecraft:iron_leggings":1,"minecraft:torch":132,"minecraft:wheat":108},"minecraft:killed":{"minecraft:pig":9,"minecraft:spider":2,"minecraft:creeper":1,"minecraft:sheep":7,"minecraft:skeleton":2,"minecraft:zombie":10,"minecraft:cow":4},"minecraft:custom":{"minecraft:interact_with_furnace":26,"minecraft:mob_kills":38,"minecraft:interact_with_crafting_table":24,"minecraft:bell_ring":4,"minecraft:interact_with_stonecutter":1,"minecraft:leave_game":1,"minecraft:time_since_death":9202,"minecraft:sleep_in_bed":1,"minecraft:climb_one_cm":1224,"minecraft:time_since_rest":7362,"minecraft:sprint_one_cm":322606,"minecraft:damage_taken":4265,"minecraft:walk_one_cm":233808,"minecraft:drop":24,"minecraft:damage_dealt":6130,"minecraft:swim_one_cm":4459,"minecraft:talked_to_villager":12,"minecraft:fly_one_cm":543723,"minecraft:open_chest":7,"minecraft:crouch_one_cm":1911,"minecraft:play_time":120415,"tombstone:undead_killed":12,"minecraft:deaths":11,"minecraft:sneak_time":944,"minecraft:walk_under_water_one_cm":23962,"minecraft:jump":3279,"minecraft:walk_on_water_one_cm":30525,"minecraft:total_world_time":120415,"minecraft:fall_one_cm":91608}},"DataVersion":3465}