{"stats":{"minecraft:custom":{"minecraft:interact_with_furnace":3,"minecraft:mob_kills":18,"minecraft:interact_with_crafting_table":14,"minecraft:leave_game":11,"minecraft:time_since_death":24757,"minecraft:time_since_rest":23514,"minecraft:sprint_one_cm":313007,"minecraft:damage_taken":2908,"minecraft:walk_one_cm":132112,"tombstone:sneak_grave":13,"minecraft:drop":28,"minecraft:damage_dealt":3517,"minecraft:talked_to_villager":4,"minecraft:swim_one_cm":11190,"minecraft:fly_one_cm":570583,"minecraft:player_kills":1,"minecraft:open_chest":2,"minecraft:crouch_one_cm":5604,"minecraft:play_time":79336,"tombstone:undead_killed":5,"minecraft:deaths":9,"minecraft:sneak_time":2284,"minecraft:walk_under_water_one_cm":15082,"minecraft:boat_one_cm":93849,"minecraft:jump":2317,"minecraft:walk_on_water_one_cm":22054,"minecraft:total_world_time":79336,"minecraft:fall_one_cm":60607},"minecraft:picked_up":{"minecraft:birch_log":7,"minecraft:crafting_table":4,"minecraft:wheat":3,"minecraft:glow_ink_sac":2,"minecraft:leather":6,"minecraft:oak_stairs":1,"minecraft:flint":1,"minecraft:tuff":8,"minecraft:dirt":25,"minecraft:raw_copper":5,"minecraft:bone":3,"minecraft:bow":1,"minecraft:wheat_seeds":13,"minecraft:cobbled_deepslate":14,"minecraft:iron_ingot":5,"minecraft:beef":11,"minecraft:cooked_chicken":1,"tombstone:bag_of_seeds":1,"minecraft:furnace":1,"minecraft:raw_iron":18,"minecraft:cooked_porkchop":1,"minecraft:birch_boat":4,"minecraft:oak_fence":1,"minecraft:torch":4,"minecraft:dandelion":1,"minecraft:dripstone_block":7,"minecraft:gravel":4,"minecraft:pointed_dripstone":5,"minecraft:diorite":1,"minecraft:white_bed":2,"minecraft:arrow":1,"minecraft:rotten_flesh":5,"minecraft:diamond":1,"minecraft:hay_block":27,"minecraft:oak_sapling":1,"minecraft:mutton":3,"minecraft:coal":10,"minecraft:white_wool":2,"minecraft:cobblestone":99},"minecraft:crafted":{"minecraft:leather_boots":1,"minecraft:crafting_table":3,"minecraft:birch_boat":1,"minecraft:wooden_pickaxe":1,"minecraft:iron_sword":1,"minecraft:furnace":1,"minecraft:bucket":1,"minecraft:birch_planks":28,"minecraft:bread":42,"minecraft:air":0,"tombstone:grave_key":1,"minecraft:stick":16,"minecraft:iron_ingot":7,"minecraft:iron_pickaxe":1,"minecraft:stone_pickaxe":2,"minecraft:stone_sword":1,"minecraft:wheat":126},"minecraft:killed":{"minecraft:spider":3,"minecraft:iron_golem":1,"minecraft:sheep":2,"minecraft:skeleton":2,"minecraft:zombie":3,"minecraft:cow":6},"minecraft:used":{"minecraft:water_bucket":3,"minecraft:stone_sword":15,"minecraft:stone_pickaxe":38,"minecraft:birch_boat":4,"minecraft:wooden_pickaxe":4,"minecraft:iron_sword":65,"minecraft:leather_boots":1,"minecraft:cooked_chicken":1,"minecraft:torch":3,"minecraft:dirt":23,"minecraft:crafting_table":6,"minecraft:dripstone_block":2,"minecraft:tuff":8,"tombstone:bag_of_seeds":1,"minecraft:bread":13,"minecraft:iron_pickaxe":113,"minecraft:gravel":4,"minecraft:bow":1,"minecraft:cobblestone":81,"minecraft:furnace":1,"minecraft:cooked_porkchop":1,"minecraft:bucket":4,"tombstone:gift":2,"minecraft:cobbled_deepslate":13},"minecraft:killed_by":{"minecraft:player":2,"minecraft:skeleton":2,"minecraft:zombie":1,"minecraft:iron_golem":1},"minecraft:mined":{"minecraft:tuff":9,"minecraft:white_bed":2,"minecraft:deepslate_diamond_ore":1,"minecraft:dandelion":1,"minecraft:oak_fence":1,"minecraft:crafting_table":4,"minecraft:torch":1,"minecraft:grass_block":7,"minecraft:copper_ore":2,"minecraft:cobblestone":3,"minecraft:wall_torch":2,"minecraft:pink_petals":1,"minecraft:hay_block":27,"minecraft:furnace":1,"minecraft:birch_log":7,"minecraft:iron_ore":9,"minecraft:wheat":4,"minecraft:grass":7,"minecraft:oak_stairs":1,"minecraft:dirt_path":1,"minecraft:pointed_dripstone":1,"minecraft:coal_ore":10,"minecraft:deepslate_iron_ore":9,"minecraft:gravel":5,"minecraft:dirt":18,"minecraft:packed_ice":3,"minecraft:stone":93,"minecraft:oak_leaves":5,"minecraft:deepslate":16},"minecraft:dropped":{"minecraft:wheat_seeds":13,"minecraft:glow_ink_sac":2,"minecraft:raw_copper":5,"minecraft:cobbled_deepslate":1,"minecraft:dripstone_block":5,"minecraft:pointed_dripstone":5,"minecraft:oak_fence":1,"minecraft:cobblestone":2,"minecraft:rotten_flesh":5,"minecraft:leather":2,"minecraft:white_bed":1,"minecraft:flint":1,"minecraft:diorite":1,"minecraft:oak_stairs":1,"minecraft:bow":1,"minecraft:stone_pickaxe":2,"minecraft:wooden_pickaxe":1,"minecraft:white_wool":2,"minecraft:dandelion":1}},"DataVersion":3465}