{"stats":{"minecraft:killed":{"minecraft:spider":12,"minecraft:skeleton":5,"minecraft:chicken":1,"minecraft:zombie_villager":2,"minecraft:creeper":3,"minecraft:sheep":1,"minecraft:zombie":32,"minecraft:cow":2},"minecraft:broken":{"minecraft:iron_axe":2,"minecraft:iron_pickaxe":3},"minecraft:mined":{"minecraft:tuff":1,"minecraft:spruce_planks":3,"minecraft:oak_sapling":9,"minecraft:granite":23,"minecraft:grass_block":20,"minecraft:spruce_fence":2,"minecraft:spruce_leaves":105,"minecraft:redstone_ore":12,"minecraft:spruce_sapling":1,"minecraft:furnace":6,"minecraft:iron_ore":13,"minecraft:snow":1,"minecraft:andesite":6,"minecraft:peony":3,"minecraft:pointed_dripstone":1,"minecraft:deepslate_iron_ore":25,"minecraft:oak_stairs":2,"minecraft:stone":258,"minecraft:snow_block":18,"minecraft:dandelion":1,"minecraft:powder_snow":5,"minecraft:crafting_table":4,"minecraft:torch":17,"minecraft:chest":6,"minecraft:tall_grass":10,"minecraft:copper_ore":1,"minecraft:lapis_ore":8,"minecraft:deepslate_gold_ore":3,"minecraft:oak_planks":1,"minecraft:sculk":2,"minecraft:diorite":9,"minecraft:wall_torch":9,"minecraft:pink_petals":1,"minecraft:spruce_stairs":2,"minecraft:spruce_log":167,"minecraft:grass":27,"minecraft:oak_log":272,"minecraft:sunflower":4,"minecraft:dripstone_block":15,"minecraft:dirt":15,"minecraft:stonecutter":1,"minecraft:stone_bricks":77,"minecraft:gold_ore":1,"minecraft:oak_leaves":578,"minecraft:deepslate":3},"minecraft:used":{"minecraft:peony":1,"minecraft:stone_shovel":50,"minecraft:chest":13,"minecraft:spruce_planks":223,"minecraft:iron_sword":172,"minecraft:iron_chestplate":1,"minecraft:torch":116,"minecraft:dirt":753,"minecraft:spruce_stairs":22,"minecraft:cobblestone_wall":19,"minecraft:golden_chestplate":1,"minecraft:spruce_fence":80,"minecraft:lantern":12,"minecraft:iron_axe":554,"minecraft:oak_stairs":22,"minecraft:stone_bricks":315,"minecraft:oak_sapling":51,"minecraft:furnace":12,"minecraft:iron_leggings":1,"minecraft:oak_planks":41,"minecraft:spruce_fence_gate":27,"minecraft:stonecutter":2,"minecraft:oak_leaves":60,"minecraft:crafting_table":5,"minecraft:shears":102,"minecraft:spruce_log":6,"minecraft:oak_log":323,"minecraft:bread":58,"minecraft:iron_pickaxe":494,"minecraft:spruce_trapdoor":25,"minecraft:spruce_sapling":38,"minecraft:cobblestone":163},"minecraft:killed_by":{"minecraft:skeleton":2,"minecraft:zombie":1},"minecraft:picked_up":{"minecraft:crafting_table":4,"minecraft:chicken":2,"minecraft:oak_stairs":22,"minecraft:enchanted_book":1,"minecraft:string":19,"minecraft:raw_copper":72,"minecraft:cobbled_deepslate":6,"minecraft:spruce_planks":3,"minecraft:beef":3,"minecraft:chest":6,"minecraft:furnace":6,"minecraft:stick":62,"minecraft:raw_iron":38,"minecraft:stone":76,"minecraft:torch":30,"minecraft:spruce_stairs":2,"minecraft:spruce_fence":2,"minecraft:pointed_dripstone":13,"minecraft:diorite":186,"minecraft:carrot":3,"minecraft:redstone":116,"minecraft:golden_chestplate":2,"minecraft:rotten_flesh":40,"minecraft:arrow":4,"minecraft:peony":2,"minecraft:hay_block":85,"minecraft:mutton":4,"minecraft:cobblestone":450,"minecraft:snowball":73,"minecraft:white_wool":2,"minecraft:pink_petals":6,"minecraft:feather":4,"minecraft:andesite":50,"minecraft:leather":1,"minecraft:tuff":4,"minecraft:oak_log":272,"minecraft:gunpowder":8,"minecraft:lapis_lazuli":120,"minecraft:dirt":134,"minecraft:bone":12,"minecraft:apple":14,"minecraft:stone_bricks":117,"minecraft:stonecutter":1,"minecraft:wheat_seeds":36,"minecraft:raw_gold":8,"minecraft:oak_planks":1,"minecraft:dandelion":2,"minecraft:dripstone_block":15,"minecraft:torchflower_seeds":5,"minecraft:spruce_sapling":38,"minecraft:spruce_log":165,"minecraft:spider_eye":6,"minecraft:spruce_fence_gate":1,"minecraft:pumpkin_seeds":2,"minecraft:granite":89,"minecraft:oak_sapling":52,"minecraft:melon_seeds":3,"minecraft:coal":68,"minecraft:oak_leaves":102,"minecraft:sunflower":1},"minecraft:dropped":{"minecraft:iron_ingot":192,"minecraft:diamond":23,"minecraft:dripstone_block":15,"minecraft:spruce_fence_gate":1,"minecraft:dirt":1,"minecraft:snowball":73,"minecraft:sunflower":3,"minecraft:pink_petals":6,"minecraft:dandelion":1,"minecraft:stone_axe":1,"minecraft:golden_chestplate":1,"minecraft:pointed_dripstone":13,"minecraft:chicken":1,"minecraft:rotten_flesh":30,"minecraft:carrot":1,"minecraft:spider_eye":6},"minecraft:crafted":{"minecraft:oak_planks":184,"minecraft:iron_nugget":99,"minecraft:stone":320,"minecraft:spruce_fence":99,"minecraft:lantern":12,"minecraft:spruce_stairs":16,"minecraft:iron_boots":1,"minecraft:iron_axe":2,"minecraft:cobblestone_wall":48,"minecraft:chest":7,"minecraft:wheat":342,"minecraft:crafting_table":1,"minecraft:spruce_planks":492,"minecraft:iron_helmet":1,"minecraft:iron_sword":1,"minecraft:hay_block":21,"minecraft:bread":51,"minecraft:air":0,"minecraft:spruce_trapdoor":24,"minecraft:iron_chestplate":1,"minecraft:stick":72,"minecraft:iron_ingot":38,"minecraft:iron_pickaxe":2,"minecraft:oak_stairs":40,"minecraft:iron_leggings":1,"minecraft:spruce_fence_gate":13,"minecraft:torch":20,"minecraft:shears":1},"minecraft:custom":{"minecraft:mob_kills":60,"minecraft:interact_with_crafting_table":48,"minecraft:leave_game":19,"minecraft:time_since_death":16712,"minecraft:sprint_one_cm":530454,"minecraft:walk_one_cm":578467,"minecraft:drop":34,"minecraft:play_time":241958,"minecraft:deaths":4,"minecraft:sneak_time":16424,"minecraft:walk_under_water_one_cm":276,"minecraft:jump":2655,"minecraft:walk_on_water_one_cm":3986,"minecraft:total_world_time":242046,"minecraft:interact_with_furnace":78,"minecraft:interact_with_stonecutter":12,"minecraft:time_since_rest":16394,"minecraft:damage_taken":3063,"minecraft:damage_dealt":11426,"minecraft:swim_one_cm":5432,"minecraft:fly_one_cm":689712,"minecraft:open_chest":76,"minecraft:crouch_one_cm":59580,"minecraft:fall_one_cm":63176}},"DataVersion":3465}